Region of World,Country,State,Name,Type,Grade
North America,USA,Alabama,Tick or Tie,Boulder,{AU} V5
North America,USA,Alabama,Pucker Up,Boulder,V2
North America,USA,Alabama,Plinko,Boulder,V2
North America,USA,Alabama,Vandala,Boulder,{AU} V2
North America,USA,Alabama,Downclimb Groove,Boulder,V0-
North America,USA,Alabama,Hugs and Kisses,Boulder,V8
North America,USA,Alabama,Popeye,Boulder,V5
North America,USA,Alabama,Thugs and Bitches,Boulder,V8
North America,USA,Alabama,Brass Monkey,Boulder,V7
North America,USA,Alabama,"<span title=""Quality: 67%""></span> Mariachi",Boulder,V5
North America,USA,Alabama,Sunbeam,Boulder,V4
North America,USA,Alabama,Beach,Boulder,V5
North America,USA,Alabama,Spur of the Moment,Boulder,V2
North America,USA,Alabama,The Rail,Boulder,V0
North America,USA,Alabama,Pocket Pool,Boulder,V0
North America,USA,Alabama,Stare,Boulder,V0
North America,USA,Alabama,Sandbox,Boulder,V2
North America,USA,Alabama,Cull Moon,Boulder,V3
North America,USA,Alabama,Ketchup,Boulder,V1
North America,USA,Alabama,Honeycomb,Boulder,V3
North America,USA,Alabama,Slice,Boulder,V2
North America,USA,Alabama,Picante,Boulder,V4
North America,USA,Alabama,Sometimes...,Boulder,V3
North America,USA,Alabama,Copa Cobana,Boulder,V3
North America,USA,Alabama,Flake Right,Boulder,V1
North America,USA,Alabama,Upward Gardening,Boulder,{AU} V4
North America,USA,Alabama,The Arete,Boulder,V3
North America,USA,Alabama,Interact,Boulder,V0
North America,USA,Alabama,Spirit,Boulder,V1
North America,USA,Alabama,The Lowdown b,Boulder,{AU} V4
North America,USA,Alabama,Mulletino b,Boulder,{AU} V5
North America,USA,Alabama,Drip,Boulder,V5
North America,USA,Alabama,"<span title=""Quality: 78%""></span> The Lowdown",Boulder,V4
North America,USA,Alabama,Ghetto Superstar,Boulder,V9
North America,USA,Alabama,Uhuhuh,Boulder,V7
North America,USA,Alabama,Mulletino,Boulder,V5
North America,USA,Alabama,Short Long,Boulder,V7
North America,USA,Alabama,Inspect Her Gadget,Boulder,V7
North America,USA,Alabama,The Theif,Boulder,V9
North America,USA,Alabama,Wrist Distentia,Boulder,V9
North America,USA,Alabama,"<span title=""Quality: 70%""></span> Hammerhead",Boulder,V5
North America,USA,Alabama,Step-Child,Boulder,V8
North America,USA,Alabama,The Wood,Boulder,V6
North America,USA,Alabama,American Pie,Boulder,V9
North America,USA,Alabama,Chevy,Boulder,V8
North America,USA,Alabama,Consumption,Boulder,V8
North America,USA,Alabama,Night Fever,Boulder,V1
North America,USA,Alabama,Earth Wind and Fire,Boulder,V4
North America,USA,Alabama,Twix Lips,Boulder,V4
North America,USA,Alabama,Boogie Wonderland,Boulder,V3
North America,USA,Alabama,Ring My Bell,Boulder,V2
North America,USA,Alabama,Chattanooga Plow,Boulder,V7
North America,USA,Alabama,Cadillac Thrills,Boulder,V10
North America,USA,Alabama,Hang Me,Boulder,V7
North America,USA,Alabama,Spandex Ballet(low),Boulder,V6
North America,USA,Alabama,Spandex Ballet,Boulder,V4
North America,USA,Alabama,Groove 2,Boulder,V2
North America,USA,Alabama,Bombedil,Boulder,V3
North America,USA,Alabama,Snibe,Boulder,V1
North America,USA,Alabama,Permanent Scream,Boulder,V6
North America,USA,Alabama,The Kiss,Boulder,V8
North America,USA,Alabama,Don't Rock My Boat,Boulder,V7
North America,USA,Alabama,Going the Distance,Boulder,V8
North America,USA,Alabama,"<span title=""Quality: 75%""></span> Mortal Combat",Boulder,V3
North America,USA,Alabama,Pope in a Cowboy Hat,Boulder,V4
North America,USA,Alabama,Genetic,Boulder,V11
North America,USA,Alabama,The Ramp,Boulder,V2
North America,USA,Alabama,Butter on Bread,Boulder,V1
North America,USA,Alabama,The Chamber,Boulder,V1
North America,USA,Alabama,Double Blade,Boulder,V2
North America,USA,Alabama,Single Blade,Boulder,V2
North America,USA,Alabama,Easy Rider,Boulder,V3
North America,USA,Alabama,Slag,Boulder,V5
North America,USA,Alabama,swirls,Boulder,V4
North America,USA,Alabama,Trends,Boulder,V2
North America,USA,Alabama,Sweet Spot,Boulder,V7
North America,USA,Alabama,Slabalicious,Boulder,V7
North America,USA,Alabama,Slingin Meat,Boulder,V4
North America,USA,Alabama,Slush Puppy,Boulder,V5
North America,USA,Alabama,Turtle Head,Boulder,V2
North America,USA,Alabama,Turtle Head Left,Boulder,V1
North America,USA,Alabama,Red Lobster,Boulder,V5
North America,USA,Alabama,It's a Natural,Boulder,V7
North America,USA,Alabama,Megatron,Boulder,V8
North America,USA,Alabama,Landslide,Boulder,V9
North America,USA,Alabama,Slabalicious(low),Boulder,V9
North America,USA,Alabama,Slush Puppy(low),Boulder,V8
North America,USA,Alabama,Groove Rider,Boulder,V3
North America,USA,Alabama,Boy Scout Crack,Boulder,V1
North America,USA,Alabama,"<span title=""Quality: 58%""></span> Panty Shields",Boulder,V3
North America,USA,Alabama,Ice Cream,Boulder,V1
North America,USA,Alabama,Moms,Boulder,V2
North America,USA,Alabama,Citadel Problem,Boulder,V6
North America,USA,Alabama,Fabio,Boulder,V2
North America,USA,Alabama,HP Crack,Boulder,V1
North America,USA,Alabama,Growing Stone,Boulder,V2
North America,USA,Alabama,Opt Out,Boulder,V2
North America,USA,Alabama,Sure,Boulder,V1
North America,USA,Alabama,Contraband,Boulder,V1
North America,USA,Alabama,Moone Arete,Boulder,V6
North America,USA,Alabama,Sideline,Boulder,V6
North America,USA,Alabama,Sideline Traverse,Boulder,V7
North America,USA,Alabama,Cheeseburger,Boulder,V3
North America,USA,Alabama,Cross Me,Boulder,V3
North America,USA,Alabama,Dope,Boulder,V2
North America,USA,Alabama,Chicks,Boulder,V1
North America,USA,Alabama,Super Coola,Boulder,V7
North America,USA,Alabama,Odd Job,Boulder,V9
North America,USA,Alabama,Squeeze Job,Boulder,V7
North America,USA,Alabama,Wonderous Cleavage,Boulder,V3
North America,USA,Alabama,Orca,Boulder,V3
North America,USA,Alabama,"<span title=""Quality: 67%""></span> Indian Roof",Boulder,V1
North America,USA,Alabama,Millipede,Boulder,V7
North America,USA,Alabama,Centerpede,Boulder,V5
North America,USA,Alabama,"<span title=""Quality: 68%""></span> Bum Boy",Boulder,V4
North America,USA,Alabama,Great White,Boulder,V7
North America,USA,Alabama,Out the Box,Boulder,V6
North America,USA,Alabama,Crystal Tips,Boulder,V8
North America,USA,Alabama,Skywalker,Boulder,V9
North America,USA,Alabama,Daywalker,Boulder,V7
North America,USA,Alabama,B.S.,Boulder,V4
North America,USA,Alabama,Trick or Treat,Boulder,V6
North America,USA,Alabama,"<span title=""Quality: 88%""></span> Genesis",Boulder,V3
North America,USA,Alabama,Genocide,Boulder,V4
North America,USA,Alabama,700 Club,Boulder,V6
North America,USA,Alabama,J.B. Groove,Boulder,V1
North America,USA,Alabama,Unknown,Boulder,V2
North America,USA,Alabama,Unnamed,Boulder,V1
North America,USA,Alabama,wasteland,Boulder,V5
North America,USA,Alabama,Hercules,Boulder,{AU} V5
North America,USA,Alabama,Crisifix,Boulder,V5
North America,USA,Alabama,Lo-oser,Boulder,V7
North America,USA,Alabama,Lucky Charms,Boulder,V2
North America,USA,Alabama,leas problem,Boulder,V5
North America,USA,Alabama,lucky charms,Boulder,V2
North America,USA,Alabama,man with the slow hand,Boulder,V4
North America,USA,Alabama,boink,Boulder,{AU} V3
North America,USA,Alabama,"<span title=""Quality: 67%""></span> Red Arrow",Boulder,V4
North America,USA,Alabama,Cave Traverse,Boulder,V3
North America,USA,Alabama,Dyno Problem,Boulder,V1
North America,USA,Alabama,two bloody ankles,Boulder,V6
North America,USA,Alabama,Little Red Arrow,Boulder,V3
North America,USA,Alabama,Bridge Arete,Boulder,{AU} V2
North America,USA,Alabama,Stingray,Boulder,{AU} V9
North America,USA,Alabama,Cadillac Thrills,Boulder,V9
North America,USA,Alabama,Hot n Tot,Boulder,V10
North America,USA,Alabama,Spook Eye,Boulder,V3
North America,USA,Alabama,Selective Mechanics,Boulder,V6
North America,USA,Alabama,God Module,Boulder,V11
North America,USA,Alabama,Ice,Boulder,V8
North America,USA,Alabama,Slider,Boulder,V9
North America,USA,Alabama,Slideer Sit,Boulder,V10
North America,USA,Alabama,Beta Boys,Boulder,V8
North America,USA,Alabama,Super Slider,Boulder,V10
North America,USA,Alabama,"<span title=""Quality: 71%""></span> Cuts Like A Knife",Boulder,V4
North America,USA,Alabama,Boomslang,Boulder,V6
North America,USA,Alabama,Litz Problem,Boulder,V8
North America,USA,Alabama,Make A Wish,Boulder,V3
North America,USA,Alabama,Message From The Master,Boulder,V8
North America,USA,Alabama,Paper and Plastic,Boulder,V5
North America,USA,Alabama,Leprechaun,Boulder,V5
North America,USA,Alabama,Not It,Boulder,V7
North America,USA,Alabama,Matchmaker,Unknown,
North America,USA,Alabama,Uniball,Boulder,V3
North America,USA,Alabama,Blue Justice,Boulder,V4
North America,USA,Alabama,Thumbalina,Boulder,V5
North America,USA,Alabama,"<span title=""Quality: 61%""></span> Circumcision",Boulder,V2
North America,USA,Alabama,"<span title=""Quality: 50%""></span> Waiting Line",Boulder,V3
North America,USA,Alabama,Eight Ball,Boulder,V2
North America,USA,Alabama,Contusion,Boulder,V2
North America,USA,Alabama,Chasers,Boulder,V2
North America,USA,Alabama,Short Change,Boulder,V2
North America,USA,Alabama,Brawn,Boulder,V5
North America,USA,Alabama,Getcha Some,Boulder,V6
North America,USA,Alabama,"<span title=""Quality: 46%""></span> Wasp",Boulder,V2
North America,USA,Alabama,"<span title=""Quality: 73%""></span> The Crown",Boulder,V3
North America,USA,Alabama,High Life,Boulder,V5
North America,USA,Alabama,Cake,Boulder,V2
North America,USA,Alabama,Redneck,Boulder,V6
North America,USA,Alabama,Monopoly Arete,Unknown,5.9
North America,USA,Alabama,Birds Nest Crack,Unknown,5.9
North America,USA,Alabama,Suger Magnolia,Unknown,5.9
North America,USA,Alabama,Golden Arches,Unknown,5.9
North America,USA,Alabama,Golden Arch,Unknown,5.10a
North America,USA,Alabama,Jetstream,Unknown,5.12a
North America,USA,Alabama,Cloak&amp; Dagger,Unknown,5.11b
North America,USA,Alabama,Rockwa,Unknown,5.10d
North America,USA,Alabama,Bulging Fear,Unknown,5.9
North America,USA,Alabama,Desparado,Unknown,5.9
North America,USA,Alabama,Apple Pie,Unknown,5.6
North America,USA,Alabama,Trickster's,Unknown,5.11
North America,USA,Alabama,Electric Chain,Unknown,5.9
North America,USA,Alabama,The Bolt,Unknown,5.8
North America,USA,Alabama,Death Row,Unknown,5.1
North America,USA,Alabama,Pyscho Killer,Unknown,5.11+
North America,USA,Alabama,Meathooks,Unknown,5.13a
North America,USA,Alabama,Renegades,Unknown,
North America,USA,Alabama,Tech Noir,Unknown,5.12a
North America,USA,Alabama,Fyling Circus,Unknown,5.12d
North America,USA,Alabama,Modern Day Pirates,Unknown,5.11b
North America,USA,Alabama,Ready Mix,Unknown,5.10a
North America,USA,Alabama,Lazer,Unknown,5.8
North America,USA,Alabama,Graham's Crack,Trad,5.8
North America,USA,Alabama,Copout,Trad,5.9
North America,USA,Alabama,Stepping Out,Trad,5.8
North America,USA,Alabama,Triad,Trad,5.7
North America,USA,Alabama,Three Pitch Route,Trad,5.7
North America,USA,Alabama,firetower,Unknown,5.7
North America,USA,Alabama,elephant crack,Unknown,5.6
North America,USA,Alabama,Buckets,Unknown,5.5
North America,USA,Alabama,Mickey's Mantle,Unknown,5.1
North America,USA,Alabama,Micro Gully,Unknown,5.9
North America,USA,Alabama,Boobs,Unknown,5.9
North America,USA,Alabama,"Unnamed 7"" Right of Boobs",Unknown,5.8
North America,USA,Alabama,The Piller Chimney,Unknown,5.5
North America,USA,Alabama,The Piller,Unknown,5.5
North America,USA,Alabama,Box Lunch,Unknown,5.7
North America,USA,Alabama,Squat,Unknown,5.7
North America,USA,Alabama,Steeples,Unknown,5.8
North America,USA,Alabama,Posey's Pass,Unknown,5.6
North America,USA,Alabama,Warp Factor,Unknown,5.7
North America,USA,Alabama,The Flake,Unknown,5.9
North America,USA,Alabama,Dirty Dancing,Unknown,5.7
North America,USA,Alabama,Unnamed,Unknown,5.7
North America,USA,Alabama,Exit Stage Left,Unknown,5.5
North America,USA,Alabama,Cashmere,Unknown,5.7
North America,USA,Alabama,Date with Death,Unknown,5.9
North America,USA,Alabama,Pickin' Pockets,Unknown,5.7
North America,USA,Alabama,Chimney,Unknown,5.6
North America,USA,Alabama,Bubba,Unknown,5.5
North America,USA,Alabama,unnamed,Unknown,5.7
North America,USA,Alabama,jumpin jeff flash,Unknown,5.8
North America,USA,Alabama,American Pie,Unknown,5.6
North America,USA,Alabama,Nine to Five,Unknown,5.8
North America,USA,Alabama,Webs,Unknown,5.8
North America,USA,Alabama,Draggin The line,Unknown,5.7
North America,USA,Alabama,SUCCUBMING TO MIDNIGHT,Unknown,5.10a
North America,USA,Alabama,"<span title=""Quality: 58%""></span> Pin Chimney",Unknown,5.8
North America,USA,Alabama,The Standard Route,Trad,5.6
North America,USA,Alabama,Green Gully,Unknown,5.10c
North America,USA,Alabama,Chimney Approach,Trad,5.5
North America,USA,Alabama,They Call Me Cruiser,Sport,5.10b
North America,USA,Alabama,Launchitude,Unknown,5.9
North America,USA,Alabama,My Dog Has Fleas,Sport,5.9
North America,USA,Alabama,"<span title=""Quality: 58%""></span> Oyster",Sport,5.1
North America,USA,Alabama,Plush,Sport,5.12a
North America,USA,Alabama,Underdog,Sport,5.11a
North America,USA,Alabama,"<span title=""Quality: 58%""></span> Pump Handles",Sport,5.9
North America,USA,Alabama,"<span title=""Quality: 60%""></span> Walking the Dog",Sport,5.9
North America,USA,Alabama,Easy 8 (Kennel Club),Sport,5.8
North America,USA,Alabama,Six Toes,Unknown,5.1
North America,USA,Alabama,Thin In The Middle,Unknown,5.10a
North America,USA,Alabama,Reeds Eliminate,Boulder,V5
North America,USA,Alabama,"<span title=""Quality: 68%""></span> Jaws",Unknown,5.9
North America,USA,Alabama,Golden Flake (Popular Science),Unknown,5.9
North America,USA,Alabama,Windows (First Black in Space Direct),Unknown,5.8
North America,USA,Alabama,"<span title=""Quality: 67%""></span> Misty",Sport,5.10d
North America,USA,Alabama,Slug,Unknown,5.7
North America,USA,Alabama,Knob Wall,Unknown,5.6
North America,USA,Alabama,"<span title=""Quality: 80%""></span> Dreamscape",Sport,5.11d
North America,USA,Alabama,"<span title=""Quality: 77%""></span> Wall of Horns",Boulder,5.10c
North America,USA,Alabama,Guppy's Idaho,Unknown,5.6
North America,USA,Alabama,Muffins are Burning,Unknown,5.10c
North America,USA,Alabama,Burly Girls,Unknown,5.7
North America,USA,Alabama,Mobile Launcher,Boulder,5.11
North America,USA,Alabama,Thud of a Scud,Unknown,5.11a
North America,USA,Alabama,Pebble Power,Unknown,5.8
North America,USA,Alabama,Conglomernaut,Boulder,5.1
North America,USA,Alabama,"<span title=""Quality: 56%""></span> Faith",Unknown,5.8
North America,USA,Alabama,Rodeo Ride,Unknown,5.10a
North America,USA,Alabama,"<span title=""Quality: 83%""></span> White Gold",Unknown,5.9
North America,USA,Alabama,"<span title=""Quality: 63%""></span> Gravy Train",Unknown,5.10a
North America,USA,Alabama,on the beach,Unknown,5.8
North America,USA,Alabama,"<span title=""Quality: 67%""></span> Never Believe",Unknown,5.11a
North America,USA,Alabama,Tuesday's Gone,Unknown,5.10d
North America,USA,Alabama,Sneakers,Unknown,5.10a
North America,USA,Alabama,Rabies,Unknown,5.11b
North America,USA,Alabama,Shut Out,Unknown,5.11a
North America,USA,Alabama,Wilma,Unknown,5.10c
North America,USA,Alabama,Fred,Unknown,5.10c
North America,USA,Alabama,Snuff the Rooster,Unknown,5.10d
North America,USA,Alabama,Glasstic,Unknown,5.10b
North America,USA,Alabama,Nick of Time,Unknown,5.11b
North America,USA,Alabama,Buckwheat,Unknown,5.11b
North America,USA,Alabama,Scarecrow,Unknown,5.10a
North America,USA,Alabama,Thin Flakes,Unknown,5.9
North America,USA,Alabama,Lazy Eight,Unknown,5.8
North America,USA,Alabama,Whetstone,Unknown,5.9
North America,USA,Alabama,Knife Crack,Unknown,5.9
North America,USA,Alabama,Grace Under Pressure,Unknown,5.10d
North America,USA,Alabama,Power Windows,Unknown,5.11d
North America,USA,Alabama,Smashing Pumpkins,Unknown,5.11b
North America,USA,Alabama,Daydream Nation,Unknown,5.11a
North America,USA,Alabama,Just Right,Unknown,5.11a
North America,USA,Alabama,Second Cup,Unknown,5.11a
North America,USA,Alabama,Over Easy,Unknown,5.11b
North America,USA,Alabama,Flap Jack,Unknown,5.10c
North America,USA,Alabama,Twinkle Toes,Unknown,5.11a
North America,USA,Alabama,Wild Iris,Unknown,5.9
North America,USA,Alabama,Wild Iris Variation,Unknown,5.11
North America,USA,Alabama,Cinnamon Girls,Unknown,5.1
North America,USA,Alabama,Pickin' &amp; Grinnin',Unknown,5.8
North America,USA,Alabama,Bishop of Krunk,Unknown,5.10c
North America,USA,Alabama,The King of Bling,Unknown,5.10a
North America,USA,Alabama,Medusa Tree,Unknown,5.9
North America,USA,Alabama,Medusa Tree2,Unknown,5.11c
North America,USA,Alabama,Sideways Glance,Unknown,5.10c
North America,USA,Alabama,Plain Truth,Unknown,5.9
North America,USA,Alabama,Truth of Consequences,Unknown,5.8
North America,USA,Alabama,Animal Farm,Unknown,5.1
North America,USA,Alabama,Art of Darkness,Unknown,5.9
North America,USA,Alabama,Bulge Busters,Unknown,5.10c
North America,USA,Alabama,Yum Yum Tree,Unknown,5.7
North America,USA,Alabama,The Harvest,Unknown,5.1
North America,USA,Alabama,Pigsty,Unknown,5.8
North America,USA,Alabama,Riff Raff,Unknown,5.10d
North America,USA,Alabama,Scarecrow,Unknown,5.10b
North America,USA,Alabama,Pumpkin Patches / Pumpkin Patch,Trad,5.9
North America,USA,Alabama,Winter's Respite,Unknown,5.8
North America,USA,Alabama,Tainted Love,Unknown,5.9
North America,USA,Alabama,High Infidelity,Unknown,5.9
North America,USA,Alabama,"<span title=""Quality: 83%""></span> Hairdressers on Fire",Sport,5.11c
North America,USA,Alabama,Registration (The Arch),Unknown,5.9
North America,USA,Alabama,Full Frontal,Unknown,5.12c
North America,USA,Alabama,cedar poke,Unknown,5.11a
North America,USA,Alabama,warm-up,Unknown,5.11a
North America,USA,Alabama,bon voyage,Unknown,5.11c
North America,USA,Alabama,tweak,Unknown,5.11d
North America,USA,Alabama,black hangar,Unknown,5.11d
North America,USA,Alabama,rotten pillar,Unknown,5.11d
North America,USA,Alabama,travis' route,Unknown,5.12a
North America,USA,Alabama,perma-torque,Unknown,5.12b
North America,USA,Alabama,doug's route,Unknown,5.12c
North America,USA,Alabama,robyn's route,Sport,5.12b
North America,USA,Alabama,The route,Unknown,5.12c
North America,USA,Alabama,Redsling,Unknown,5.11b
North America,USA,Alabama,Sodomy,Unknown,5.11b
North America,USA,Alabama,lion,Sport,5.12c
North America,USA,Alabama,boy,Sport,5.12b
North America,USA,Alabama,jane,Unknown,5.12b
North America,USA,Alabama,rumble,Sport,5.12d
North America,USA,Alabama,demented,Unknown,5.12b
North America,USA,Alabama,straight jacket,Unknown,5.12b
North America,USA,Alabama,solitary confinment,Unknown,5.12c
North America,USA,Alabama,bitless,Unknown,5.11a
North America,USA,Alabama,Profanity,Boulder,V5
North America,USA,Alabama,General Lee,Boulder,V2
North America,USA,Alabama,Clarks Direct,Boulder,V2
North America,USA,Alabama,Left Ventricle,Boulder,V3
North America,USA,Alabama,Los Roof,Boulder,V4
North America,USA,Alabama,Gill,Boulder,vB
North America,USA,Alabama,No Sac,Boulder,V3
North America,USA,Alabama,The Gill Problem,Boulder,V1
North America,USA,Alabama,Cheese is Good,Boulder,V2
North America,USA,Alabama,Long Shot,Boulder,V1 to V3
North America,USA,Alabama,Heart,Boulder,V1
North America,USA,Alaska,West Ridge of Shot Tower,Aid,5.9 A2 IV
North America,USA,Alaska,Middle Troll South Face,Trad,5.8
North America,USA,Alaska,The lost marsupial,Trad,5.8
North America,USA,Alaska,Free Radical,Trad,5.10+
North America,USA,Alaska,Gargoyle buttress,Trad,5.10a
North America,USA,Alaska,Goldfinger,Trad,5.11
North America,USA,Alaska,Born to be Mild,Unknown,5.7
North America,USA,Alaska,Mr. Bill,Unknown,5.9
North America,USA,Alaska,Possum Kingdom,Unknown,5.9
North America,USA,Alaska,Pressure Drop,Unknown,5.8
North America,USA,Alaska,Snowdrop,Unknown,5.8
North America,USA,Alaska,Thin as Ice,Unknown,5.10a
North America,USA,Alaska,Tinsel Moose,Unknown,5.7
North America,USA,Alaska,Black Wall,Unknown,5.8
North America,USA,Alaska,Center Slab Left,Unknown,5.9
North America,USA,Alaska,Checkered Dog,Unknown,5.9
North America,USA,Alaska,Chicken Head,Unknown,5.4
North America,USA,Alaska,Flakey,Unknown,5.9
North America,USA,Alaska,Inside Right,Unknown,5.7
North America,USA,Alaska,Just One More,Unknown,5.8
North America,USA,Alaska,Local Motion,Unknown,5.5
North America,USA,Alaska,Orangutan Overhang,Unknown,5.9
North America,USA,Alaska,Spring Fling,Unknown,5.8
North America,USA,Alaska,The Slot,Unknown,5.7
North America,USA,Alaska,Vein of Gold,Unknown,5.10c
North America,USA,Alaska,Zig-Zag,Unknown,5.8
North America,USA,Alaska,Festoon,Unknown,5.9
North America,USA,Alaska,Nightmare on Diamond Boulevard,Unknown,5.9
North America,USA,Alaska,Toto,Unknown,5.7
North America,USA,Alaska,True Grit,Unknown,5.10a
North America,USA,Alaska,Twelve O'Clock High,Unknown,5.10a
North America,USA,Alaska,Layback,Unknown,5.7
North America,USA,Alaska,Frogs Hang Dog Too,Unknown,5.11c
North America,USA,Alaska,Simians Beach,Unknown,5.10a
North America,USA,Alaska,Your Future,Unknown,5.10c
North America,USA,Alaska,No Golden Showers,Unknown,5.11b
North America,USA,Alaska,Crack in the Woods,Unknown,5.7
North America,USA,Alaska,Face in the Woods,Unknown,5.7
North America,USA,Alaska,Lightning Bolt,Unknown,5.4
North America,USA,Alaska,Unknown,Unknown,5.5
North America,USA,Alaska,Simian's Reach (is the actual name),Unknown,5.1
North America,USA,Alaska,Lower Pivot Boulder,Boulder,V0
North America,USA,Alaska,Pivot Point Traverse,Boulder,V4
North America,USA,Alaska,Dangle and Whack,Unknown,5.12c
North America,USA,Alaska,Pivot Point,Unknown,5.10a
North America,USA,Alaska,Linear Equation,Unknown,5.11c
North America,USA,Alaska,Trickster,Unknown,5.12b
North America,USA,Alaska,Cry Baby,Unknown,5.7
North America,USA,Alaska,Crankcase Traverse,Boulder,V3
North America,USA,Alaska,All for Naught,Unknown,5.10d
North America,USA,Alaska,Plymouth Scout,Unknown,5.10c
North America,USA,Alaska,Eagle Scout,Unknown,5.7
North America,USA,Alaska,Cub Scout,Unknown,5.3
North America,USA,Alaska,Boy Scout,Unknown,5.5
North America,USA,Alaska,Explorer Scout,Unknown,5.8
North America,USA,Alaska,Fundamental Follies,Unknown,5.9
North America,USA,Alaska,Unnamed 11,Unknown,5.11a
North America,USA,Alaska,Unnamed 9,Unknown,5.9
North America,USA,Alaska,Red Asphalt,Unknown,5.10a
North America,USA,Alaska,Watch Kirby Go,Unknown,5.10a
North America,USA,Alaska,Degree of Fruitfulness,Unknown,5.10b
North America,USA,Alaska,Squeeze,Unknown,5.6
North America,USA,Alaska,Bermuda Slab,Unknown,5.8
North America,USA,Alaska,Easy Crack,Unknown,5.3
North America,USA,Alaska,Fly by Night,Unknown,5.10a
North America,USA,Alaska,Bermuda Triangle,Unknown,5.11c
North America,USA,Alaska,Riot in Ephesis,Unknown,5.11a
North America,USA,Alaska,Stumper,Unknown,5.11c
North America,USA,Alaska,Out of Africa,Unknown,5.10b
North America,USA,Alaska,Genuflect,Unknown,5.10b
North America,USA,Alaska,Planet X,Unknown,5.10d
North America,USA,Alaska,Hide It From The Cops,Unknown,5.8
North America,USA,Alaska,Pull the Wool,Unknown,5.11a
North America,USA,Alaska,Rap Not,Unknown,5.9
North America,USA,Alaska,Northwest Passage,Unknown,5.10b
North America,USA,Alaska,U-Reek-A,Unknown,5.10b
North America,USA,Alaska,Snizzler's Passage,Unknown,5.10a
North America,USA,Alaska,Klondike,Unknown,5.9
North America,USA,Alaska,Dino's Milkmaid,Unknown,5.10a
North America,USA,Alaska,Best Deal in Town,Unknown,5.9
North America,USA,Alaska,Raspberry Arete,Unknown,5.7
North America,USA,Alaska,New Wave Dino,Unknown,5.11c
North America,USA,Alaska,Amazing Dino,Unknown,5.12a
North America,USA,Alaska,Son of Dino,Unknown,5.11b
North America,USA,Alaska,Dino's Stubble Trouble,Unknown,5.10d
North America,USA,Alaska,"What's Up, Dino?",Unknown,5.11a
North America,USA,Alaska,Suffering Simians,Unknown,5.10d
North America,USA,Alaska,Dino Later,Unknown,5.11b
North America,USA,Alaska,Dino Who?,Unknown,5.11c
North America,USA,Alaska,King Dome Reality,Unknown,5.11c
North America,USA,Alaska,Kingdom Reformed,Unknown,5.9
North America,USA,Alaska,Wild Kingdom,Unknown,5.10b
North America,USA,Alaska,Roadside Acracktion,Unknown,5.10d
North America,USA,Alaska,Twinkle Toes,Unknown,5.10c
North America,USA,Alaska,Abracadabra,Unknown,5.9
North America,USA,Alaska,Hocus Pocus,Unknown,5.10a X
North America,USA,Alaska,Mumbo Jumbo,Unknown,5.8
North America,USA,Alaska,Splat Button,Unknown,5.10c
North America,USA,Alaska,Thin Line,Unknown,5.7
North America,USA,Alaska,Cosmic Connection,Unknown,5.11d
North America,USA,Alaska,Classic Crack,Unknown,5.8
North America,USA,Alaska,Ditch Weed,Unknown,5.11a
North America,USA,Alaska,Puzzler,Unknown,5.11d
North America,USA,Alaska,Arch of Dimes,Unknown,5.11c
North America,USA,Alaska,Cellulite Nightmare,Unknown,5.12b
North America,USA,Alaska,5.9 Offwidth,Unknown,5.9
North America,USA,Alaska,Super Fly,Unknown,5.10d
North America,USA,Alaska,Tapping the Temple,Unknown,5.11b
North America,USA,Alaska,Pumper,Unknown,5.11b
North America,USA,Alaska,Tweakin' the Genie,Unknown,5.10c
North America,USA,Alaska,Genie Direct,Unknown,5.10a
North America,USA,Alaska,Resolution Crack,Unknown,5.10a
North America,USA,Alaska,Calling Out,Unknown,5.11b
North America,USA,Alaska,Divine Guidance,Unknown,5.10c
North America,USA,Alaska,Top Rope Cracks,Unknown,5.8
North America,USA,Alaska,Sonny's Real Estate Show,Unknown,5.8
North America,USA,Alaska,Captain Crud,Unknown,5.10a
North America,USA,Alaska,Rhinedangle,Unknown,5.11a
North America,USA,Alaska,Garbage King,Unknown,5.6
North America,USA,Alaska,Draino,Unknown,5.8
North America,USA,Alaska,Road Warrior,Unknown,5.9
North America,USA,Alaska,Hey Operator,Unknown,5.9
North America,USA,Alaska,Poser,Unknown,5.10b
North America,USA,Alaska,Thrombosis,Unknown,5.10b
North America,USA,Alaska,Exotic Dancer,Unknown,5.9
North America,USA,Alaska,May Day,Unknown,5.9
North America,USA,Alaska,Sunshine Ridge,Unknown,5.7
North America,USA,Alaska,5.8 Corner,Unknown,5.8
North America,USA,Alaska,Jug Haul,Unknown,5.8
North America,USA,Alaska,Sign of Jonah,Unknown,5.10c
North America,USA,Alaska,Revolt Against Maturity,Unknown,5.10b
North America,USA,Alaska,Gym Certified,Unknown,5.10c
North America,USA,Alaska,Sweet Relief,Unknown,5.10c
North America,USA,Alaska,Creation Science,Unknown,5.11a
North America,USA,Alaska,Absolute-ly,Unknown,5.11c
North America,USA,Alaska,Give Thanks,Unknown,5.11a
North America,USA,Alaska,Have U Seen Lucky,Unknown,5.11a
North America,USA,Alaska,Killing Your Time Inside,Unknown,5.10b
North America,USA,Alaska,????,Unknown,5.12c
North America,USA,Alaska,Captain Hook,Aid,A3
North America,USA,Alaska,The Catalyst,Unknown,5.12d
North America,USA,Alaska,Sky Pilot,Unknown,5.10c
North America,USA,Alaska,Auto Pilot,Aid,A3
North America,USA,Alaska,Herbalistic Vision,Unknown,5.12d
North America,USA,Alaska,Copilot,Unknown,5.9
North America,USA,Alaska,TKFP,Unknown,5.10a
North America,USA,Alaska,Gain-a-Turn,Unknown,5.12a
North America,USA,Alaska,Urban Blight,Unknown,5.8
North America,USA,Alaska,Sly,Unknown,5.10b
North America,USA,Alaska,No Whiners,Unknown,5.10b
North America,USA,Alaska,Shiner,Unknown,5.10c
North America,USA,Alaska,No Finer,Unknown,5.10c
North America,USA,Alaska,Done Dirt Cheap,Unknown,5.10c
North America,USA,Alaska,The Great Lobster Dispute,Unknown,5.10a
North America,USA,Alaska,Minestony,Unknown,5.10b
North America,USA,Alaska,Goat's Head Soup,Unknown,5.10b
North America,USA,Alaska,The Buldge,Unknown,5.10b
North America,USA,Alaska,Mean and Nasty,Unknown,5.11b
North America,USA,Alaska,Scotch,Unknown,5.9
North America,USA,Alaska,Limp Hangover,Unknown,5.8
North America,USA,Alaska,Whiskey,Unknown,5.8
North America,USA,Alaska,Progression,Unknown,5.10a
North America,USA,Alaska,Promised Land,Unknown,5.10b
North America,USA,Alaska,Code Red-Left,Unknown,5.10a
North America,USA,Alaska,Code Red,Unknown,5.10d
North America,USA,Alaska,Salsa Brava,Unknown,5.10c
North America,USA,Alaska,Blockhead,Unknown,5.10d
North America,USA,Alaska,Indian Crack,Unknown,5.9
North America,USA,Alaska,Marksalot,Unknown,5.10c
North America,USA,Alaska,Dynamo Hum,Unknown,5.11a
North America,USA,Alaska,Crisco Kid,Unknown,5.10c
North America,USA,Alaska,Icky Thump,Unknown,5.11a
North America,USA,Alaska,Black Puddin',Unknown,5.11c
North America,USA,Alaska,Spotted Dick,Unknown,5.12b
North America,USA,Alaska,Hungry Time,Unknown,5.10a
North America,USA,Alaska,Crossover,Unknown,5.10a
North America,USA,Alaska,Family Matters,Unknown,5.7
North America,USA,Alaska,Members Only,Unknown,5.10a
North America,USA,Alaska,Bushwacker,Unknown,5.10b
North America,USA,Alaska,Hard Man,Unknown,5.11d
North America,USA,Alaska,Big Sky,Unknown,5.11b
North America,USA,Alaska,Twist and Shout,Unknown,5.11a
North America,USA,Alaska,On Your Celtic Way,Unknown,5.11c
North America,USA,Alaska,Snizzle,Unknown,5.9
North America,USA,Alaska,Vanity Fair,Unknown,5.10a
North America,USA,Alaska,Not Worth The Trouble,Unknown,5.11b
North America,USA,Alaska,Ono Mono Peeya,Unknown,5.12a
North America,USA,Alaska,The Truth of the Matter,Unknown,5.12b
North America,USA,Alaska,Last Rage,Unknown,5.12a
North America,USA,Alaska,Use Enough Gun,Unknown,5.12a